<?xml version="1.0" encoding="utf-8"?>
<ArrayOfPatch>
  <Patch Name="To call the hook that selects the hangar type">
    <Item Offset="17DF97" From="390C858E2AAE000F92C2" To="50E8939F02008AD05890"/>
  </Patch>
  <Patch Name="To call the hook that selects the inside animation">
    <Item Offset="89AF" From="663D8700740A663D9400" To="50E87BF5190085C05890"/>
  </Patch>
  <Patch Name="To call the hook that selects the hangar model index">
    <Item Offset="5737A" From="663D8700740F663D9400" To="50E8B00B150085C05890"/>
  </Patch>
  <Patch Name="To call the hook that loads hangar opt">
    <Item Offset="056DEE" From="E84D4F0700" To="E83D111500"/>
  </Patch>
  <Patch Name="To remove the opt filter">
    <Item Offset="563C3" From="83FB0E0F8FCB0000000F84" To="33C089442410E9BF090000"/>
  </Patch>
  <Patch Name="To call the hook that sets the hangar camera">
    <Item Offset="5F0A0" From="81C76A04000081ED1009000081EE2C010000" To="565557E8788E14005F5D5E90909090909090"/>
    <Item Offset="5F7E8" From="B7FC4500" To="7EFC4500"/>
    <Item Offset="5F7EC" From="CFFE4500" To="7EFC4500"/>
    <Item Offset="5F7F8" From="26FD4500" To="7EFC4500"/>
    <Item Offset="5F7FC" From="5FFD4500" To="7EFC4500"/>
    <Item Offset="5F804" From="4DFF4500" To="7EFC4500"/>
    <Item Offset="5F86C" From="08004600" To="7EFC4500"/>
    <Item Offset="5F870" From="41004600" To="7EFC4500"/>
    <Item Offset="5F874" From="7A004600" To="7EFC4500"/>
    <Item Offset="5F87C" From="E2004600" To="7EFC4500"/>
    <Item Offset="5F880" From="CD014600" To="7EFC4500"/>
    <Item Offset="5F884" From="06024600" To="7EFC4500"/>
    <Item Offset="5F888" From="3C024600" To="7EFC4500"/>
    <Item Offset="5F88C" From="6F024600" To="7EFC4500"/>
  </Patch>
  <Patch Name="To call the hook that sets the hangar map">
    <Item Offset="55345" From="68C896000068FFFFFF7F68" To="58E8D52B1500E9BD030000"/>
  </Patch>
  <Patch Name="To call the hook that sets the family hangar map">
    <Item Offset="55873" From="688877000068FFFFFF7F68" To="58E8A7261500E98E020000"/>
  </Patch>
</ArrayOfPatch>